smtp://rbach@drakeinstitute.com|drakeinstitute.com:25|rbach@drakeinstitute.com|3TyW69

smtp://Bknox4@cinci.rr.com|mail.cinci.rr.com:25|Bknox4@cinci.rr.com|pMU2cZ

smtp://gary.pettigrew@verizon.net|smtp.verizon.net:25|gary.pettigrew@verizon.net|TTaKJV

smtp://m0ntanez@verizon.net|smtp.verizon.net:25|m0ntanez@verizon.net|ZCnrcU

smtp://nikkibell32@aol.com|smtp.aol.com:25|nikkibell32@aol.com|39SahG

smtp://beckld@missouri.edu|smtp.missouri.edu:25|beckld@missouri.edu|u9swDe

smtp://athos@montanasky.net|smtp.montanasky.net:25|athos@montanasky.net|u9YQP7

smtp://mllorente1@tampabay.rr.com|smtp.tampabay.rr.com:25|mllorente1@tampabay.rr.com|K3cdXM

smtp://Robgaertig@earthlink.net|smtp.earthlink.net:25|Robgaertig@earthlink.net|dzhSVk

smtp://JNG720@aol.com|smtp.aol.com:25|JNG720@aol.com|cTzVnU

smtp://zazaford@verizon.net|smtp.verizon.net:25|zazaford@verizon.net|L5Qkb8

smtp://cam-shop@bex.net|smtp.bex.net:25|cam-shop@bex.net|nYRUL4

smtp://hansendm@gwtc.net|smtp.gwtc.net:25|hansendm@gwtc.net|SmdMXd

smtp://werwlf@cinci.rr.com|mail.cinci.rr.com:25|werwlf@cinci.rr.com|K7Xv5H

smtp://domlucca@comcast.net|smtp.comcast.net:25|domlucca@comcast.net|yESibz

smtp://suzymheine@outlook.com|outlook.com:25|suzymheine@outlook.com|iHu6RQ

smtp://kmerideth@tampabay.rr.com|smtp.tampabay.rr.com:25|kmerideth@tampabay.rr.com|J6wtCu

smtp://SandieK723@aol.com|smtp.aol.com:25|SandieK723@aol.com|VfjUSc

smtp://dagionsb@aol.com|smtp.aol.com:25|dagionsb@aol.com|kSAt3E

smtp://mcgblkw@aol.com|smtp.aol.com:25|mcgblkw@aol.com|9cxB6Q

smtp://sassyd28@aol.com|smtp.aol.com:25|sassyd28@aol.com|4jAWfn

smtp://shannon@hessprint.com|smtp.hessprint.com:25|shannon@hessprint.com|EqfJN2

smtp://oenpelli@aol.com|smtp.aol.com:25|oenpelli@aol.com|Yt3kZr

smtp://mochat@metrocast.net|smtp.metrocast.net:25|mochat@metrocast.net|VsyeCg

smtp://heidifish@isp.com|smtp.isp.com:25|heidifish@isp.com|jfQHh6

smtp://willettethomas@comcast.net|smtp.comcast.net:25|willettethomas@comcast.net|VUXavm

smtp://angelgl@sbcglobal.net|mail.sbcglobal.net:25|angelgl@sbcglobal.net|6x27mt

smtp://jdebjones2@aol.com|smtp.aol.com:25|jdebjones2@aol.com|7k2NdZ

smtp://midwestcatlover@aol.com|smtp.aol.com:25|midwestcatlover@aol.com|x7u66V

smtp://mtaylor@ostglobalsolutions.com|smtp.ostglobalsolutions.com:25|mtaylor@ostglobalsolutions.com|AQnhCs

smtp://boopark1@aol.com|smtp.aol.com:25|boopark1@aol.com|sXjUSa

smtp://mggross@comcast.net|smtp.comcast.net:25|mggross@comcast.net|jLk6b9

smtp://jehottenstein@windstream.net|smtp.windstream.net:25|jehottenstein@windstream.net|pq3VV9

smtp://sdschrock@mwt.net|smtp.mwt.net:25|sdschrock@mwt.net|bXRYqF

smtp://davek1963@consolidated.net|mail.consolidated.net:25|davek1963@consolidated.net|AvZpkR

smtp://ekrill4418@aol.com|smtp.aol.com:25|ekrill4418@aol.com|PqurdN

smtp://glipsit@comcast.net|smtp.comcast.net:25|glipsit@comcast.net|QtKdES

smtp://manumumu27@orange.fr|smtp.orange.fr:25|manumumu27@orange.fr|mu314el

smtp://claudinevergne@free.fr|smtp.free.fr:587|claudinevergne@free.fr|cl680ne

smtp://roads1961@aol.com|smtp.aol.com:25|roads1961@aol.com|pPqNQm

smtp://bernadettehillaire@orange.fr|smtp.orange.fr:25|bernadettehillaire@orange.fr|be315te
